last_visit,first_name,last_name,city,country,email,amount
1568185337000,Clare,Learmonth,Choroszcz,PL,clearmonth0@com.com,781.11
1565108941000,Joell,Tockell,Mbuji-Mayi,CD,jtockell1@dagondesign.com,510.11
1547583249000,Maynord,Axford,Ikar,ID,maxford2@jugem.jp,176.51
1574646273000,Sherilyn,Fewster,Bununu Dass,NG,sfewster3@webs.com,163.31
1583357553000,Dyann,Linfield,Pakisaji,ID,dlinfield4@dyndns.org,610.06
1574507936000,Shauna,Chippendale,Novodvinsk,RU,schippendale5@issuu.com,340.9
1584911200000,Lazare,Batchelour,Marisol,PT,lbatchelour6@nasa.gov,386.76
1580591766000,Vin,Bohin,Údlice,CZ,vbohin7@marriott.com,108.82
1540837256000,Virgilio,Rosnau,Randfontein,ZA,vrosnau8@sbwire.com,710.51
1590618093000,Domenico,Gawthorp,Lai Lai Bisi Kopan,ID,dgawthorp9@parallels.com,442.63
1597187661000,Tera,Wooldridge,Masis,AM,twooldridgea@pcworld.com,212.0
1573327996000,Sophey,Pendred,Angoulême,FR,spendredb@nba.com,911.11
1562302215000,Marika,MacSkeagan,Revda,RU,mmacskeaganc@nymag.com,260.64
1586393186000,Shaina,Farreil,Lófos,GR,sfarreild@oracle.com,378.57
1561715504000,Moselle,Herkess,Pacapausa,PE,mherkesse@sourceforge.net,700.35
1585556308000,Deck,Voules,Hasaki,JP,dvoulesf@goodreads.com,539.12
1592922098000,Catharine,Sparhawk,Amiens,FR,csparhawkg@yahoo.co.jp,538.73
1574880356000,,,,,,146.42
1597281167000,Denys,Synke,Rizokárpaso,CY,dsynkei@ocn.ne.jp,374.33
1600458572000,Delainey,Cartwright,Köyliö,FI,dcartwrightj@imgur.com,657.05
1600248447000,Ethel,March,Rongmei,CN,emarchk@symantec.com,55.15
1595249773000,Kirbee,Glashby,Kristianstad,SE,kglashbyl@bigcartel.com,756.01
1557510735000,Maggee,Parkey,Asarum,SE,mparkeym@meetup.com,933.81
1554534466000,Lolly,McCool,Nerk’in Getashen,AM,lmccooln@indiatimes.com,919.79
1572332086000,Tremain,Codrington,Mendeleyevskiy,RU,tcodringtono@google.nl,734.92
1539568820000,Nisse,Coffelt,Sidi Qacem,MA,ncoffeltp@acquirethisname.com,669.87
1574547402000,Julianna,Vigors,Ilo,PE,jvigorsq@t-online.de,332.54
1590669783000,Evangeline,Daniely,Nglojo,ID,edanielyr@alexa.com,529.13
1544067722000,Sanderson,Timms,Pulaupinang,ID,stimmss@dagondesign.com,509.81
1587762616000,Mamie,Absolom,Mons,BE,mabsolomt@ifeng.com,869.15
1543024234000,,,,,,145.78
1542922316000,Dannie,Kloster,Thị Trấn Nước Hai,VN,dklosterv@unesco.org,896.82
1543049644000,Giana,Barritt,Puszczykowo,PL,gbarrittw@time.com,21.17
1587699433000,Thurstan,Sandey,Tokuyama,JP,tsandeyx@redcross.org,678.13
1592202586000,Chere,Medforth,Miastków Kościelny,PL,cmedforthy@t-online.de,39.4
1569347663000,Fleurette,Oldknowe,Haarlem,NL,foldknowez@cisco.com,244.86
1552926445000,Fifi,Normabell,Sumberdadi,ID,fnormabell10@scientificamerican.com,403.26
1597727727000,Jakob,Fredy,Sokyryany,UA,jfredy11@msu.edu,914.61
1586093295000,Nady,Ivanshintsev,Grand Rapids,US,nivanshintsev12@blogspot.com,330.91
1570165588000,Rafe,Bolwell,Puerto Varas,CL,rbolwell13@nydailynews.com,902.78
1597696486000,Gordon,Esparza,Nanshui,CN,gesparza14@miibeian.gov.cn,358.97
1555103106000,Rozanne,Colcutt,Jianfeng,CN,rcolcutt15@bloglovin.com,286.64
1582825127000,Alvis,Kilfeather,Lethbridge,CA,akilfeather16@tinyurl.com,21.64
1564465223000,Lenora,Gamon,Jiangcheng,CN,lgamon17@nhs.uk,945.63
1582263951000,Loydie,Mabb,Tougan,BF,lmabb18@time.com,462.05
1572452089000,,,,,,953.77
1550616637000,Delcina,Tate,La Habana Vieja,CU,dtate1a@house.gov,725.86
1539621780000,,,,,,161.0
1544101282000,Brockie,Paoli,Sydney,AU,bpaoli1c@washingtonpost.com,260.92
1585805985000,,,,,,960.8
1574877692000,Kandace,Gilbertson,Wuli,CN,kgilbertson1e@discuz.net,78.56
1594968208000,Franklyn,Maccaddie,Burunday,KZ,fmaccaddie1f@google.com,747.55
1556518739000,Damien,Penritt,Cikomara,ID,dpenritt1g@studiopress.com,365.31
1572762594000,Jeramie,Justham,Shuangyang,CN,jjustham1h@mac.com,517.53
1559971708000,Darsie,Kynder,San Ramón de la Nueva Orán,AR,dkynder1i@photobucket.com,25.78
1577309714000,Lulita,Fermor,Évreux,FR,lfermor1j@about.me,31.57
1566041273000,Beltran,Clampin,Figueiró dos Vinhos,PT,bclampin1k@usda.gov,907.84
1572429477000,Adrianna,Menilove,Belfort,FR,amenilove1l@csmonitor.com,67.81
1544941587000,Bord,Perelli,Shihuiyao,CN,bperelli1m@creativecommons.org,969.5
1596335407000,Xenia,Alker,Alavus,FI,xalker1n@reverbnation.com,486.3
1565099598000,Lianna,Penhale,Capira,PA,lpenhale1o@irs.gov,266.26
1582777675000,Jaimie,Reidie,Águas Belas,BR,jreidie1p@webeden.co.uk,548.03
1546768457000,Wain,Nanninini,Banjar Pangkungkarung Kangin,ID,wnanninini1q@ifeng.com,543.47
1567508811000,Ford,Rackham,Tripoli,LB,frackham1r@acquirethisname.com,899.5
1598962458000,Ollie,Victoria,Bajingmeduro,ID,ovictoria1s@answers.com,210.3
1551449545000,Carey,Chillistone,Wielbark,PL,cchillistone1t@baidu.com,359.75
1569797723000,Mae,Aland,Valuyki,RU,maland1u@usnews.com,645.13
1559678157000,Lilly,Huxley,Thị Trấn Tà Lùng,VN,lhuxley1v@mozilla.org,581.28
1561008666000,Coreen,Brandoni,Ladozhskaya,RU,cbrandoni1w@w3.org,287.47
1543621482000,Noami,Ablett,Muritiba,BR,nablett1x@youtu.be,199.93
1544729218000,Winny,Winsley,Ath,BE,wwinsley1y@buzzfeed.com,692.78
1580003711000,Abram,Greystoke,San Antonio,PH,agreystoke1z@tripadvisor.com,328.8
1590908360000,Breanne,Krale,Itaqui,BR,bkrale20@nydailynews.com,214.33
1594309800000,Avigdor,Cardus,Shiquan,CN,acardus21@friendfeed.com,626.68
1583431488000,Stevana,Tipper,Mubo,CN,stipper22@github.io,251.04
1538711811000,Chiquia,Sexti,Malainen Luma,PH,csexti23@typepad.com,222.68
1546712098000,Kane,Sheffield,Gorzów Wielkopolski,PL,ksheffield24@woothemes.com,865.86
1538503427000,,,,,,39.69
1548835784000,Elnar,Lampe,Atouguia,PT,elampe26@meetup.com,440.05
1539392937000,Clayton,Findley,Krapyak Kidul,ID,cfindley27@joomla.org,426.11
1549584073000,Rolfe,Matteo,Gungguh,ID,rmatteo28@cloudflare.com,131.46
1561383165000,Malinda,Kidgell,Berëzovka,RU,mkidgell29@cnet.com,957.64
1549095386000,Krystal,Jansson,Otacílio Costa,BR,kjansson2a@plala.or.jp,738.69
1587028310000,,,,,,387.07
1578453645000,Wakefield,Bugbee,Bolian,CN,wbugbee2c@npr.org,239.54
1558684040000,Nan,Emanuelli,Atbasar,KZ,nemanuelli2d@cisco.com,890.84
1596631134000,Linette,Cousen,Stockholm,SE,lcousen2e@ucoz.com,377.1
1584409052000,Randa,Ropert,Gombong,ID,rropert2f@soup.io,345.28
1542470354000,Harlene,Portwaine,Solna,SE,hportwaine2g@forbes.com,784.28
1540901309000,Toma,Rannigan,Rönninge,SE,trannigan2h@java.com,405.1
1592001136000,Dorothy,Makin,Biała Piska,PL,dmakin2i@opensource.org,497.0
1561314230000,Ashlan,Rostron,Anzhero-Sudzhensk,RU,arostron2j@youtube.com,985.19
1556825458000,Floris,Espinel,Junchuan,CN,fespinel2k@mozilla.com,836.31
1592635846000,Debra,Roof,Paraíso,PA,droof2l@miibeian.gov.cn,896.95
1576704169000,Giacobo,Roddick,Clorinda,AR,groddick2m@ted.com,62.09
1562823062000,Bertrando,Magog,Tabūk,SA,bmagog2n@wired.com,263.71
1582684213000,Pippo,Phillot,Huantuo,CN,pphillot2o@boston.com,262.74
1538913646000,,,,,,326.44
1555484594000,Melly,Lennarde,Merik,ID,mlennarde2q@berkeley.edu,834.58
1561509513000,Arda,Griffith,Laranjal Paulista,BR,agriffith2r@cbslocal.com,611.65
1570184462000,Kristofer,Peacher,Jijiazhuang,CN,kpeacher2s@whitehouse.gov,254.33
1542444804000,Cherice,Crofthwaite,Singkup,ID,ccrofthwaite2t@google.nl,43.9
1587229403000,Corey,Gogerty,Vila Viçosa,PT,cgogerty2u@europa.eu,259.0
1573355741000,Gage,Timpany,El Mida,TN,gtimpany2v@cam.ac.uk,142.71
1575637217000,Agna,Ferreras,Nanga Eboko,CM,aferreras2w@hc360.com,425.75
1540902708000,Sheppard,Ferrettino,Moa,CU,sferrettino2x@ezinearticles.com,8.65
1539382488000,Caddric,Fitter,Davydovo,RU,cfitter2y@shinystat.com,661.63
1593643689000,Annmarie,Firmager,Cirangga Kidul,ID,afirmager2z@youtu.be,817.09
1562262886000,Joletta,Firmager,Panchagarh,BD,jfirmager30@acquirethisname.com,227.32
1540469818000,Valencia,Jeaycock,Fada,TD,vjeaycock31@51.la,733.49
1554669975000,Anabel,James,Librazhd-Qendër,AL,ajames32@answers.com,103.38
1539840800000,Cleon,Godley,Beigou,CN,cgodley33@utexas.edu,606.93
1559787016000,Floria,Harrhy,Romanovo,RU,fharrhy34@whitehouse.gov,657.95
1585243021000,Francisco,Gemson,Kuivaniemi,FI,fgemson35@mtv.com,338.86
1583066857000,Kevina,Burnup,Krasnyy Lyman,UA,kburnup36@cdc.gov,296.14
1554525725000,Ibby,Fairbard,Andaray,PE,ifairbard37@twitter.com,586.58
1554378669000,Roseanna,Saffell,Anzi,CN,rsaffell38@phpbb.com,471.86
1568779990000,Petunia,Lapidus,Narowlya,BY,plapidus39@wix.com,28.84
1543171852000,Nonah,Menilove,Kuala Lumpur,MY,nmenilove3a@elpais.com,307.65
1592542158000,Inesita,Leonard,Sevilla,ES,ileonard3b@cyberchimps.com,153.12
1589559856000,Nahum,Blanshard,Calarcá,CO,nblanshard3c@nhs.uk,25.18
1543089360000,Rikki,Antonignetti,Tuamese,ID,rantonignetti3d@is.gd,308.11
1568596085000,Luis,Ingraham,Gedian,CN,lingraham3e@biglobe.ne.jp,314.65
1557916391000,Kort,Elflain,Bairro do Margaça,PT,kelflain3f@imgur.com,545.13
1591657234000,Darcey,Whitear,Ciakar,ID,dwhitear3g@paginegialle.it,899.21
1562302215000,Artemas,Wyldes,Suç,AL,awyldes3h@ca.gov,337.22
1584667711000,Neale,Woodlands,Chabany,UA,nwoodlands3i@delicious.com,795.78
1588800176000,Duff,Hallihan,San Martin,MX,dhallihan3j@twitter.com,51.66
1583040335000,North,Kinner,Shashūbay,KZ,nkinner3k@devhub.com,157.32
1588152437000,Ray,Mardell,Ya’erya,CN,rmardell3l@163.com,646.29
1549714114000,Panchito,Weatherley,Novoul’yanovsk,RU,pweatherley3m@fema.gov,875.8
1593977687000,Aeriel,Hummerston,Sukakerta,ID,ahummerston3n@zimbio.com,306.01
1545086052000,Saudra,O'Lagen,Naawan,PH,solagen3o@blogs.com,948.88
1572008567000,Lorettalorna,Jonczyk,San Lorenzo,HN,ljonczyk3p@surveymonkey.com,925.94
1587670176000,Lorelei,Georgeon,Al Mawşil al Jadīdah,IQ,lgeorgeon3q@1und1.de,902.44
1577366749000,Averyl,Faldo,Chorente,PT,afaldo3r@disqus.com,286.77
1564374275000,Kaspar,McGaraghan,Xiaozhoushan,CN,kmcgaraghan3s@mail.ru,795.71
1587496601000,Bennie,MacGarvey,Hancheng,CN,bmacgarvey3t@washingtonpost.com,969.59
1581235631000,Leone,Bohje,Ituverava,BR,lbohje3u@goo.ne.jp,91.05
1594615258000,Lizzie,Gifford,Lubaczów,PL,lgifford3v@istockphoto.com,2.64
1564363783000,Susy,Obell,Iwanuma,JP,sobell3w@time.com,746.16
1543521252000,Paulie,Lambkin,Stryszów,PL,plambkin3x@cdc.gov,802.96
1557978959000,Carmelina,Prestage,Saint Petersburg,RU,cprestage3y@arstechnica.com,332.94
1570492342000,,,,,,655.34
1552026809000,Harlene,Raunds,Hamakita,JP,hraunds40@cornell.edu,636.58
1559088205000,Alvie,Rabbatts,Santana do Livramento,BR,arabbatts41@ask.com,958.24
1572662729000,Hobie,Fellnee,Krajan Jamprong,ID,hfellnee42@pinterest.com,743.83
1542904699000,Jacqueline,Sloy,Xinfengjie,CN,jsloy43@qq.com,570.56
1563744608000,Fernande,Gosdin,Comapa,GT,fgosdin44@toplist.cz,694.23
1587701517000,Berenice,Markos,Kolaka,ID,bmarkos45@pagesperso-orange.fr,327.88
1555287186000,Alexi,Vanes,Kannus,FI,avanes46@ibm.com,118.14
1588639020000,Boote,Futty,Tía Juana,VE,bfutty47@nps.gov,106.24
1567746260000,Clayton,Duffree,‘Abbāsābād,IR,cduffree48@bloglines.com,292.22
1563139312000,Jarrid,Kubelka,Montgomery,US,jkubelka49@alibaba.com,681.11
1564243628000,Kass,Garard,Gijon,ES,kgarard4a@dailymail.co.uk,518.35
1567168644000,Franz,Leaning,An Châu,VN,fleaning4b@ycombinator.com,985.16
1556205146000,Antonetta,Dorbon,Morrelgonj,BD,adorbon4c@admin.ch,188.63
1588461179000,Marina,Ziemen,Valdemārpils,LV,mziemen4d@mayoclinic.com,658.46
1582565131000,Rozanne,Chazelle,Malapaubhara,ID,rchazelle4e@bravesites.com,428.29
1569783293000,Brenda,Collinette,Gowarczów,PL,bcollinette4f@de.vu,94.55
1573843009000,Lin,Attew,Lycksele,SE,lattew4g@canalblog.com,628.61
1541021938000,,,,,,87.44
1555025968000,Zaneta,Lindberg,Baima,CN,zlindberg4i@shareasale.com,827.54
1554593489000,Allix,Laing,Bor,SS,alaing4j@youtu.be,386.51
1595233093000,,,,,,779.59
1581648517000,Prent,Hedgeley,Eqbālīyeh,IR,phedgeley4l@discuz.net,670.89
1579740829000,Reine,Vannuccini,Perth,AU,rvannuccini4m@is.gd,169.78
1572067050000,Letti,Jaxon,Caen,FR,ljaxon4n@flickr.com,584.99
1586943971000,Dagny,Legon,Nanxinxiang,CN,dlegon4o@time.com,929.83
1565975258000,Shelton,Brammar,Mauá,BR,sbrammar4p@smh.com.au,661.71
1555837760000,Arvin,Kerrigan,Masḩah,PS,akerrigan4q@elpais.com,121.69
1581979100000,Cherey,Scutter,Weyburn,CA,cscutter4r@trellian.com,972.95
1549881609000,Bernadette,Spendlove,Muro,PT,bspendlove4s@stumbleupon.com,650.25
1569653093000,Tiffy,Iamittii,Bīleh Savār,IR,tiamittii4t@wufoo.com,890.89
1539032644000,Birgitta,Westbrook,Lusacan,PH,bwestbrook4u@mozilla.org,671.78
1557425612000,Sebastian,Goldwater,Sundbyberg,SE,sgoldwater4v@telegraph.co.uk,56.6
1570802818000,Griffith,Blastock,Huarong Chengguanzhen,CN,gblastock4w@google.com.hk,306.7
1565508325000,Alfie,Sate,Kebonan,ID,asate4x@1688.com,725.23
1555371937000,Panchito,Youings,Caen,FR,pyouings4y@linkedin.com,955.2
1561852723000,Wenda,Fiddian,Niaohe,CN,wfiddian4z@stumbleupon.com,16.74
1583516014000,Cart,Kingsnod,Shilin,CN,ckingsnod50@rakuten.co.jp,288.72
1559467555000,Daryn,Roots,Oliveira,PT,droots51@github.io,28.35
1568801744000,Teena,Hassan,Burgersfort,ZA,thassan52@dropbox.com,796.93
1580917813000,Wanda,Cortese,Panique,PH,wcortese53@wikispaces.com,168.88
1580859249000,Eilis,Dybell,Koszyce Wielkie,PL,edybell54@intel.com,687.34
1590866847000,Elane,Cellier,Zhangfang,CN,ecellier55@com.com,879.7
1573893209000,Debby,Andrus,Pirok,MK,dandrus56@yelp.com,761.89
1554441901000,Karoly,Goracci,Daugavgrīva,LV,kgoracci57@irs.gov,544.39
1592190736000,Galina,Bouchard,Monte Branco,PT,gbouchard58@cdc.gov,958.39
1588448587000,Chick,Stollwerck,Roza,RU,cstollwerck59@bravesites.com,906.52
1540525614000,Corrine,Gibbard,Riga,LV,cgibbard5a@mozilla.com,102.38
1580113615000,Samaria,Benini,Alingsås,SE,sbenini5b@woothemes.com,165.65
1569212669000,Gretchen,Dilloway,Reims,FR,gdilloway5c@washington.edu,390.5
1545800490000,Arlena,Gallamore,Yudaikelike,CN,agallamore5d@tripod.com,528.25
1556451730000,Sarge,McKeighan,Balin,CN,smckeighan5e@tripadvisor.com,409.94
1585437642000,Marten,Fullom,Minle,CN,mfullom5f@webmd.com,152.69
1547560999000,Goraud,MacGiolla,Leping,CN,gmacgiolla5g@tamu.edu,791.28
1581777987000,Lurline,Spadotto,Knežica,BA,lspadotto5h@slashdot.org,509.0
1539606249000,Ephrayim,Olijve,Bełżec,PL,eolijve5i@nationalgeographic.com,69.7
1595404171000,Fedora,Harradine,Salamina,CO,fharradine5j@nyu.edu,889.52
1566177564000,Arleta,Vernazza,Andalucía,CO,avernazza5k@histats.com,211.18
1554822839000,Myer,Whipple,Mangochi,MW,mwhipple5l@wufoo.com,543.78
1586431632000,Lynea,Laurand,Taquari,BR,llaurand5m@privacy.gov.au,496.57
1585261596000,Theressa,Bachman,Shurugwi,ZW,tbachman5n@themeforest.net,984.88
1552078182000,Rochette,Bondy,Guangdu,CN,rbondy5o@illinois.edu,233.66
1585525093000,Jenny,Lots,Novoye Devyatkino,RU,jlots5p@wikispaces.com,351.4
1586667709000,Miriam,Braam,Juan Adrián,DO,mbraam5q@state.gov,730.52
1556144180000,Marissa,Sidney,Vazhiny,RU,msidney5r@wix.com,103.91
1549050812000,Anabelle,Flaws,Atbasar,KZ,aflaws5s@g.co,522.36
1543935415000,Estella,Ruggles,Chenzhouzhai,CN,eruggles5t@github.com,711.59
1560746064000,,,,,,920.07
1553186089000,Thorn,Lippett,Xiaojin,CN,tlippett5v@yolasite.com,950.18
1567590801000,,,,,,429.06
1576988153000,Ody,Tytterton,Markaz Mudhaykirah,YE,otytterton5x@sciencedirect.com,545.38
1564159985000,Alasteir,Iannuzzi,Maslovka,RU,aiannuzzi5y@dion.ne.jp,856.53
1550604426000,Auberta,Farnan,Taen Tengah,ID,afarnan5z@webs.com,271.11
1582648376000,Pat,Stedell,Sanya,CN,pstedell60@time.com,922.24
1571659473000,Fonsie,Trusler,Manuel Cavazos Lerma,MX,ftrusler61@google.nl,551.64
1570814993000,Linea,Chinery,Maramag,PH,lchinery62@zimbio.com,365.45
1566607917000,Geneva,Pobjay,Shatoja,PE,gpobjay63@dmoz.org,486.71
1592303795000,Tiffani,Manifold,Nanmuping,CN,tmanifold64@microsoft.com,729.94
1547858921000,Kynthia,Begin,Riangbaring,ID,kbegin65@cmu.edu,256.39
1584012842000,Killie,Spours,Kalianyar Selatan,ID,kspours66@ow.ly,881.5
1578154579000,Karlee,Gustus,Tomteboda,SE,kgustus67@sitemeter.com,911.53
1559557973000,Celine,Burnall,Buriti Alegre,BR,cburnall68@nymag.com,809.03
1587949239000,Yvonne,Winnard,Leon Postigo,PH,ywinnard69@redcross.org,518.95
1576491814000,Abbot,Farmery,Duncans,JM,afarmery6a@vimeo.com,791.57
1559000206000,Ari,Janman,Aygeshat,AM,ajanman6b@1688.com,202.95
1596003513000,Fionna,Simioni,Imtarfa,MT,fsimioni6c@kickstarter.com,72.42
1551215737000,Kale,Sanja,Daijiaba,CN,ksanja6d@vimeo.com,389.33
1566510756000,Colver,Yukhnevich,Rana,PT,cyukhnevich6e@spiegel.de,847.79
1578880240000,Jamie,Milby,Xihu,CN,jmilby6f@networksolutions.com,19.96
1554307940000,,,,,,199.47
1590608285000,Tana,Casone,Kisasa,TZ,tcasone6h@posterous.com,629.75
1582032087000,Van,Skeel,Saratamata,VU,vskeel6i@exblog.jp,269.42
1597820260000,Lusa,Elnor,Talipan,PH,lelnor6j@uol.com.br,878.99
1594130348000,Jonell,Garlant,Huasahuasi,PE,jgarlant6k@wp.com,24.9
1565351242000,Silvain,Enderwick,Zhaoxian,CN,senderwick6l@soundcloud.com,698.52
1572713269000,Paco,Bool,Nagqu,CN,pbool6m@nifty.com,827.2
1567745823000,Alex,Fayne,Shiziling,CN,afayne6n@pen.io,414.13
1543984520000,Lisabeth,Karby,Bairro de Santo António,PT,lkarby6o@barnesandnoble.com,563.44
1598217026000,,,,,,870.39
1587525999000,Ashlin,Meharry,Dagur,CN,ameharry6q@addtoany.com,32.01
1589316155000,,,,,,351.16
1546424326000,Nelson,Simcox,Haradzishcha,BY,nsimcox6s@dropbox.com,681.28
1587139466000,Kris,Vicent,Mramani,KM,kvicent6t@smugmug.com,173.53
1560616909000,Dorthea,Blakeman,Rio Negro,BR,dblakeman6u@alexa.com,899.44
1545729237000,Chane,Belsher,Mīr Bachah Kōṯ,AF,cbelsher6v@bloomberg.com,457.93
1566177784000,Baryram,Ovington,Jaguaquara,BR,bovington6w@springer.com,666.83
1569515962000,Jeannine,Bolderstone,Lower Hutt,NZ,jbolderstone6x@uol.com.br,331.73
1557325306000,Horatia,Hanway,Lolodorf,CM,hhanway6y@t.co,642.58
1550986999000,Serena,Labroue,Songnim,KP,slabroue6z@people.com.cn,574.94
1589132394000,Ronalda,Goard,Naas,IE,rgoard70@acquirethisname.com,530.88
1572295184000,Elliot,Dozdill,Shuanghe,CN,edozdill71@blog.com,746.77
1570385428000,Yelena,Fossitt,San Diego,US,yfossitt72@kickstarter.com,963.92
1580520112000,Ramona,Tringham,Zeguo,CN,rtringham73@wordpress.org,777.41
1541931203000,Sonnnie,Prott,La Paz,CO,sprott74@va.gov,438.91
1588030671000,Alysa,Heigold,Buzuluk,RU,aheigold75@nifty.com,229.41
1560025483000,Leland,Whitcombe,Las Varillas,AR,lwhitcombe76@blinklist.com,216.14
1589478315000,Basia,Lighton,Los Angeles,US,blighton77@twitter.com,168.91
1541566410000,Pebrook,Copcote,San Juan Pueblo,HN,pcopcote78@reference.com,994.99
1552535074000,Melamie,MacCahey,Karanyowka,BY,mmaccahey79@utexas.edu,927.17
1558206851000,,,,,,586.43
1560137013000,Phillida,Bonelle,Laiyang,CN,pbonelle7b@fc2.com,523.13
1561682980000,Giselbert,Alldred,Mogapinyana,BW,galldred7c@yale.edu,756.69
1555565706000,Dosi,Kilmurry,Nesovice,CZ,dkilmurry7d@google.com.au,781.13
1577225391000,Vic,Baszniak,Portumna,IE,vbaszniak7e@ehow.com,292.93
1538702756000,Nonnah,Monard,Laozhuang,CN,nmonard7f@amazon.com,696.46
1546276285000,Nataline,Squirrell,Newbiggin,GB,nsquirrell7g@wisc.edu,603.27
1583987043000,Maxine,Bance,Kajan,AL,mbance7h@imdb.com,24.04
1565385791000,,,,,,995.11
1597734331000,Ezri,Pancost,Pedro Carbo,EC,epancost7j@bluehost.com,430.51
1596055804000,Rube,Champness,Caohezhang,CN,rchampness7k@yolasite.com,252.76
1579147347000,Dee dee,Sawkins,Randuboto,ID,dsawkins7l@paginegialle.it,892.4
1571307555000,Thane,Monkhouse,Koronadal,PH,tmonkhouse7m@deviantart.com,758.62
1584931535000,Miguela,Litzmann,Enschede,NL,mlitzmann7n@devhub.com,463.41
1546495156000,Delia,Symmers,Sandia,PE,dsymmers7o@indiatimes.com,153.28
1562549728000,Debi,Provest,Lubei,CN,dprovest7p@unblog.fr,430.24
1567723261000,Rosette,Wellfare,Los Ángeles,CL,rwellfare7q@lulu.com,66.99
1541122483000,Everard,McGinn,Woja,ID,emcginn7r@cam.ac.uk,42.84
1560119599000,Aksel,Dohms,Tikhoretsk,RU,adohms7s@about.me,877.13
1542271962000,Hedvig,Fenimore,Nejo,ET,hfenimore7t@apple.com,230.88
1585949488000,Dulcy,Ellul,Bumbuna,SL,dellul7u@cyberchimps.com,913.59
1556014725000,Sully,Pawlata,Palaió Fáliro,GR,spawlata7v@yellowpages.com,735.66
1555074390000,Jenine,Siddall,Soavinandriana,MG,jsiddall7w@techcrunch.com,787.9
1557876583000,Shaun,Mudge,Tucson,US,smudge7x@timesonline.co.uk,348.11
1560508542000,Vilhelmina,Parnall,Chingas,PE,vparnall7y@i2i.jp,185.54
1599040895000,Windham,Bratt,Jayapura,ID,wbratt7z@sakura.ne.jp,511.95
1557407452000,Silvan,MacShirie,Nyzhni Sirohozy,UA,smacshirie80@canalblog.com,860.42
1549237245000,,,,,,844.59
1543831804000,Sarene,Luten,Haenam,KR,sluten82@twitpic.com,47.25
1572866859000,Donnamarie,Bowshire,Guangang,CN,dbowshire83@bravesites.com,747.53
1568677764000,Trista,Dahlborg,Kuressaare,EE,tdahlborg84@ask.com,236.7
1558733528000,Roxana,Delap,Laiya,PH,rdelap85@joomla.org,16.15
1589280551000,Tymon,Huskisson,Jinshan,CN,thuskisson86@cdbaby.com,76.57
1579395918000,Berkly,Ajsik,Mszana Dolna,PL,bajsik87@cnet.com,246.87
1600473908000,Sharon,Forker,Potrerillos Arriba,PA,sforker88@taobao.com,744.45
1563848249000,Jere,Cotes,New York City,US,jcotes89@ft.com,491.09
1583194475000,Krisha,Plues,Arkhaía Kórinthos,GR,kplues8a@free.fr,366.81
1595903670000,Lind,Sheppard,Rayevskaya,RU,lsheppard8b@webeden.co.uk,335.27
1574159717000,Pamelina,Peltzer,Ad Dasmah,KW,ppeltzer8c@macromedia.com,415.01
1563314177000,Pooh,Jacqueme,Pangrumasan,ID,pjacqueme8d@mayoclinic.com,122.85
1542248871000,,,,,,314.29
1566967286000,,,,,,734.02
1583511509000,Riley,Mottley,Shun’ga,RU,rmottley8g@google.cn,674.55
1565906480000,Marjorie,Hockell,Praingkareha,ID,mhockell8h@phoca.cz,867.3
1538836032000,Chere,Gillfillan,El Corozal,HN,cgillfillan8i@networkadvertising.org,706.3
1588362024000,Andi,Pearmine,San Nicolás,HN,apearmine8j@home.pl,717.26
1586562460000,Gallagher,Hodgen,Tabuc Pontevedra,PH,ghodgen8k@i2i.jp,824.31
1548337842000,,,,,,359.29
1576046055000,Mayne,Frugier,Jorochito,BO,mfrugier8m@sciencedaily.com,140.61
1566498245000,Bjorn,Harden,Tarxien,MT,bharden8n@prlog.org,226.64
1557774027000,Gan,Buckett,Odivelas,PT,gbuckett8o@livejournal.com,796.59
1582242840000,Lilah,Bentje,Rangmanten,ID,lbentje8p@statcounter.com,45.65
1559640764000,Heath,Medeway,Zliten,LY,hmedeway8q@redcross.org,105.85
1553424573000,Raoul,Spehr,Situ,CN,rspehr8r@shinystat.com,193.83
1573291555000,Davidde,Maylour,San Diego,US,dmaylour8s@ucoz.ru,616.28
1593734927000,Nancy,Streader,Freixo de Numão,PT,nstreader8t@artisteer.com,773.39
1547390931000,Chandra,Basnett,La Palma,MX,cbasnett8u@slideshare.net,982.61
1549119378000,Chelsea,Squirrell,Sergelen,MN,csquirrell8v@linkedin.com,532.44
1596384576000,Eduardo,Giraldez,Shilovo,RU,egiraldez8w@i2i.jp,383.51
1593664125000,Caren,Bloomer,Melrose,MU,cbloomer8x@ucoz.com,913.23
1547144729000,Tiffy,Korfmann,Ebetsu,JP,tkorfmann8y@berkeley.edu,20.65
1563117564000,Yuma,Schoenfisch,Głuchołazy,PL,yschoenfisch8z@reverbnation.com,619.36
1591020848000,,,,,,797.51
1586653745000,Matilde,Braham,Guwoterus,ID,mbraham91@blog.com,686.92
1557244011000,Brandea,Holbie,Syrostan,RU,bholbie92@linkedin.com,78.44
1567827168000,Cristy,Jugging,Knivsta,SE,cjugging93@craigslist.org,554.29
1579213660000,Noemi,Garie,Nuasepu,ID,ngarie94@pagesperso-orange.fr,918.22
1585176204000,Kelsy,Wark,Springfield,US,kwark95@wp.com,681.38
1588555239000,Donnie,Mayzes,Mölndal,SE,dmayzes96@sakura.ne.jp,640.77
1597467921000,Niki,Daout,Salvador,BR,ndaout97@parallels.com,185.72
1542307506000,Cointon,Simester,Qingyang,CN,csimester98@microsoft.com,552.55
1600004044000,Estelle,Rockwill,Mathakola,BW,erockwill99@kickstarter.com,762.06
1595549748000,,,,,,820.75
1556366561000,Kin,Pinshon,Stuttgart,DE,kpinshon9b@about.me,772.03
1562025165000,,,,,,292.98
1555150792000,Angelina,Jedrachowicz,Babakanloa,ID,ajedrachowicz9d@csmonitor.com,853.95
1579028817000,,,,,,603.84
1591999676000,Lee,Gilding,Akouda,TN,lgilding9f@jiathis.com,591.93
1590023816000,Mia,Tailby,Yantak,CN,mtailby9g@nba.com,430.15
1586939085000,Casi,Bedborough,Staraya Stanitsa,RU,cbedborough9h@cargocollective.com,853.29
1558531365000,Chas,Pride,Lahar,ID,cpride9i@indiatimes.com,948.54
1554444680000,Waring,McIntosh,Vellinge,SE,wmcintosh9j@ucla.edu,803.96
1592720547000,Sherri,Harniman,Rengasdengklok,ID,sharniman9k@guardian.co.uk,774.35
1582855158000,Crichton,Gower,Akat Amnuai,TH,cgower9l@pagesperso-orange.fr,335.21
1567310782000,Deva,Aggus,Faraulep,FM,daggus9m@cpanel.net,230.86
1539125751000,Kerrie,Wonter,Cambebba,BR,kwonter9n@paypal.com,599.49
1579596726000,Nicolette,Prosh,Gaozhou,CN,nprosh9o@sourceforge.net,734.73
1561651155000,Karlie,Jakubovicz,Kazanskoye,RU,kjakubovicz9p@usa.gov,412.28
1542179940000,Leyla,Gallelli,Ōta,JP,lgallelli9q@dion.ne.jp,248.78
1563639049000,Sully,Fireman,Pau,FR,sfireman9r@icio.us,136.3
1598315308000,Johanna,Barrick,Əhmədbəyli,AZ,jbarrick9s@mozilla.com,4.26
1584199737000,Urban,Roscow,Pukkila,FI,uroscow9t@bravesites.com,556.4
1551115128000,Farah,Simanek,Minneapolis,US,fsimanek9u@icq.com,756.97
1548252667000,Juana,Doige,Káto Nevrokópi,GR,jdoige9v@woothemes.com,394.01
1563260341000,Cornelia,Stains,Mjamaoué,KM,cstains9w@bing.com,84.22
1549215149000,Tremayne,Gyrgorwicx,Maszkienice,PL,tgyrgorwicx9x@spiegel.de,900.16
1595877849000,Adriena,Heningam,Fāryāb,IR,aheningam9y@bandcamp.com,102.53
1570850284000,Hasheem,Tomasik,Letovice,CZ,htomasik9z@soup.io,638.62
1558226276000,Roanne,Morman,Sukumo,JP,rmormana0@artisteer.com,996.44
1576014860000,Vanya,Else,Legionowo,PL,velsea1@studiopress.com,87.88
1549330739000,Willamina,Thieme,Sundumbili,ZA,wthiemea2@nba.com,894.93
1560417922000,Elroy,Fricke,Montfavet,FR,efrickea3@flavors.me,868.77
1559791350000,Yorker,Dumbar,Senador Canedo,BR,ydumbara4@redcross.org,627.72
1581117839000,Collete,Barlee,Olhão,PT,cbarleea5@samsung.com,536.26
1569542304000,Modesty,Pepperell,Bhamdoûn el Mhatta,LB,mpepperella6@so-net.ne.jp,648.8
1543368148000,Blancha,Felstead,Martaban,MM,bfelsteada7@yelp.com,338.28
1572867860000,Gabbi,Trayhorn,Mahong,CN,gtrayhorna8@netscape.com,312.62
1599055616000,Eartha,O'Heagertie,Riversdale,ZA,eoheagertiea9@feedburner.com,525.09
1550003573000,Frankie,Bartolommeo,Zgłobień,PL,fbartolommeoaa@mapquest.com,740.04
1588366666000,Irina,Edmead,Néos Oropós,GR,iedmeadab@tinypic.com,523.03
1564224271000,Sutherlan,Tilliard,Tamatam,FM,stilliardac@nba.com,306.93
1561282787000,Wilhelmina,Yakubovics,Jagodnjak,HR,wyakubovicsad@edublogs.org,196.48
1600087828000,Gorden,Hassin,Kushar,YE,ghassinae@scientificamerican.com,204.0
1541380263000,Marcy,Dowty,Winong,ID,mdowtyaf@simplemachines.org,708.99
1591541380000,Susana,Fothergill,Sanhe,CN,sfothergillag@goo.ne.jp,217.13
1548217379000,Corey,Gidney,El Escanito,HN,cgidneyah@ifeng.com,47.23
1576853337000,Dorine,Slowey,Xinghe Chengguanzhen,CN,dsloweyai@dropbox.com,810.51
1547455193000,Tove,Claworth,Mainri,CN,tclaworthaj@addtoany.com,143.3
1582948057000,Adora,Lermouth,Bentengjawa,ID,alermouthak@ucoz.ru,284.97
1570873548000,Tabitha,Wozencraft,Tarasovskiy,RU,twozencraftal@etsy.com,822.79
1571459266000,Benedetto,Sheringham,Neochóri,GR,bsheringhamam@amazon.co.uk,647.7
1539564676000,Hendrika,Pyvis,Soissons,FR,hpyvisan@pinterest.com,966.81
1571181376000,Effie,Hellen,Amu Gulang Baolige,CN,ehellenao@ebay.com,672.57
1547991881000,Babita,Roobottom,Tuateta,ID,broobottomap@ovh.net,209.44
1580442191000,Paola,Tysack,Kamirenjaku,JP,ptysackaq@google.com,530.71
1560754779000,Gallard,L'argent,Philadelphia,US,glargentar@com.com,376.23
1557606216000,Margette,Joincey,Shangjia,CN,mjoinceyas@hao123.com,57.29
1574710767000,,,,,,447.74
1553808216000,Matthiew,Cicero,Khudāydād Khēl,AF,mciceroau@state.gov,683.63
1584877127000,Cristen,Petteford,Aurora,PH,cpettefordav@senate.gov,231.77
1571253586000,Erek,Penner,Lagnieu,FR,epenneraw@about.me,572.35
1575702398000,Perry,Millen,Ushiku,JP,pmillenax@psu.edu,867.79
1577915219000,Grete,Wickett,Zafar,UZ,gwickettay@salon.com,843.27
1592158783000,,,,,,150.85
1560136377000,Loella,Chaim,Portland,US,lchaimb0@linkedin.com,384.41
1569958924000,Emory,Yggo,Papringan,ID,eyggob1@tinyurl.com,806.52
1599483268000,Teodora,Medd,Benito Juarez,MX,tmeddb2@economist.com,979.65
1563924256000,Caril,Sparway,Kasamwa,TZ,csparwayb3@wsj.com,227.87
1549544712000,,,,,,851.8
1570685309000,Lana,Oels,Callanca,PE,loelsb5@columbia.edu,828.0
1586944864000,Merrick,Laviste,Biancheng,CN,mlavisteb6@cafepress.com,404.39
1559882894000,,,,,,302.91
1588660936000,Mose,Crocker,Oslo,NO,mcrockerb8@blogtalkradio.com,494.22
1570345942000,Gloriana,Jurgensen,Tangub,PH,gjurgensenb9@marriott.com,163.11
1588028585000,Thaxter,Paddy,Không,LA,tpaddyba@merriam-webster.com,321.29
1554421674000,Chelsey,MacLucais,Sarakhs,IR,cmaclucaisbb@unblog.fr,567.0
1593885953000,Reagan,McPartlin,Krásná Lípa,CZ,rmcpartlinbc@state.gov,209.33
1539958136000,Anatola,Shallcroff,Kertanegla,ID,ashallcroffbd@people.com.cn,707.91
1543925431000,Wrennie,Terese,Đình Lập,VN,wteresebe@eepurl.com,758.82
1552421482000,Chrisy,Carnelley,Nanterre,FR,ccarnelleybf@hud.gov,36.07
1544683361000,Spence,Robilliard,Kharkiv,UA,srobilliardbg@shareasale.com,929.91
1599300432000,Bonni,Mathissen,El Paraiso,MX,bmathissenbh@guardian.co.uk,70.5
1564016551000,Margret,Supple,Atsugi,JP,msupplebi@newsvine.com,263.34
1575759220000,Matty,Bensley,Sirghāyā,SY,mbensleybj@npr.org,47.37
1546764920000,Wendie,Norsworthy,Savannah,US,wnorsworthybk@creativecommons.org,762.77
1599320479000,Roxana,Baud,Zhanghekou,CN,rbaudbl@ifeng.com,981.7
1575598686000,Page,Bonas,Huaccana,PE,pbonasbm@studiopress.com,33.22
1570500976000,Ricki,Mulvey,Ciawi,ID,rmulveybn@fc2.com,288.1
1600085339000,Daune,Francey,Coelho Neto,BR,dfranceybo@amazon.com,579.94
1544832171000,Julissa,Fearby,Krajan Satu,ID,jfearbybp@addthis.com,460.9
1576331198000,Fields,Menendez,Diên Khánh,VN,fmenendezbq@blogspot.com,227.82
1539137765000,Wallie,Treat,Quba,AZ,wtreatbr@go.com,355.58
1586499750000,Serge,Jillings,Kalān Deh,AF,sjillingsbs@ask.com,560.98
1598733864000,Kaine,Garza,Olleros,PE,kgarzabt@aboutads.info,318.76
1591638440000,Madelaine,Alliker,Orléans,FR,mallikerbu@goo.ne.jp,616.58
1590270980000,,,,,,474.23
1550178119000,Evania,Hammerberg,Lingbei,CN,ehammerbergbw@studiopress.com,285.61
1598334959000,Noll,Halm,Burgkirchen,AT,nhalmbx@xinhuanet.com,337.12
1567496627000,Elsi,Longea,Imsida,MT,elongeaby@webmd.com,25.26
1572385794000,Giorgi,Caulliere,Tucson,US,gcaullierebz@tuttocitta.it,173.69
1589396041000,Gabriello,Pagden,Bontoc,PH,gpagdenc0@hud.gov,568.54
1591611254000,Lotte,Shaves,Dukoh,ID,lshavesc1@google.com.au,116.53
1555973815000,,,,,,575.03
1573460705000,Sasha,Kempton,Bukuru,NG,skemptonc3@360.cn,610.44
1539677031000,Aristotle,Reary,Choya,RU,arearyc4@angelfire.com,697.5
1579206834000,Gisella,Gehrtz,Castleblayney,IE,ggehrtzc5@netscape.com,926.02
1589046823000,Jamill,Leggitt,Chengzi,CN,jleggittc6@alexa.com,435.89
1565952191000,,,,,,538.47
1596312425000,Dorri,Shickle,Lieyu,CN,dshicklec8@harvard.edu,164.94
1545543969000,Geoffrey,Whebell,Mach,PK,gwhebellc9@google.co.jp,538.48
1551133230000,Mattie,Cranmer,Prachamtakham,TH,mcranmerca@i2i.jp,442.22
1539254671000,Nye,Bryson,Rontu,ID,nbrysoncb@delicious.com,656.88
1540876918000,Sholom,Jarratt,Francisco Villa,MX,sjarrattcc@ed.gov,221.95
1554835670000,,,,,,743.37
1550099952000,Marketa,O'Doireidh,Rodópoli,GR,modoireidhce@deliciousdays.com,675.22
1590535248000,Dore,Finicj,Kukoboy,RU,dfinicjcf@webmd.com,546.85
1559555884000,Jerrome,Fryer,Cavinti,PH,jfryercg@barnesandnoble.com,35.25
1594427265000,Arabella,Nollet,Cocachacra,PE,anolletch@nifty.com,460.69
1564178400000,Duffy,Beirne,Rakai,UG,dbeirneci@yahoo.com,701.67
1542815933000,Milicent,Sarver,Santa Catalina,UY,msarvercj@ameblo.jp,424.99
1553579976000,Sindee,Wycherley,San José,CR,swycherleyck@livejournal.com,807.52
1570714867000,Bernelle,Weatherley,Bojongloa,ID,bweatherleycl@mlb.com,689.56
1568612001000,,,,,,166.12
1545635178000,Cristie,Cleveley,Dayr Mawās,EG,ccleveleycn@about.me,997.05
1566660979000,Raychel,Talton,Montgomery,US,rtaltonco@yandex.ru,753.75
1597165124000,Rozalie,Edel,Unanu,FM,redelcp@cdc.gov,454.43
1559327219000,Benedikt,Phant,Sumbermanggis,ID,bphantcq@cyberchimps.com,687.73
1574279718000,,,,,,334.3
1582158117000,Ches,Boissier,As Saffānīyah,SA,cboissiercs@bbc.co.uk,820.98
1588358616000,Marcelline,Danilevich,Gryaznovskoye,RU,mdanilevichct@phoca.cz,268.83
1599996459000,,,,,,873.75
1561636060000,Faina,Hubbuck,Trudovoye,RU,fhubbuckcv@adobe.com,515.41
1548391848000,Ailbert,Champneys,Dama,CN,achampneyscw@illinois.edu,239.9
1569796208000,Dian,Maryan,Uchaly,RU,dmaryancx@jimdo.com,666.11
1574062141000,Ameline,Jerrom,Hechuan,CN,ajerromcy@photobucket.com,173.65
1541832431000,Bernadina,Mattinson,Nagasari,ID,bmattinsoncz@youtu.be,193.47
1587335616000,Dasha,Foynes,Pesisir,ID,dfoynesd0@skype.com,164.01
1548398415000,Giraud,Oertzen,Zhugang,CN,goertzend1@oakley.com,804.47
1593192269000,Marguerite,Gallegos,Karakulino,RU,mgallegosd2@simplemachines.org,81.82
1553543594000,Sibley,Craiker,Poshnje,AL,scraikerd3@ucoz.ru,898.28
1538407804000,Rowney,Flagg,Zhujiapu,CN,rflaggd4@tinypic.com,447.86
1590106881000,Harris,McClelland,Borzechów,PL,hmcclellandd5@digg.com,85.91
1556637642000,Wyatt,MacDuff,Molugan,PH,wmacduffd6@statcounter.com,122.92
1550735763000,Andrea,Pavy,Estefania,PH,apavyd7@soup.io,11.31
1559403541000,Virgilio,Burchall,Tiehe,CN,vburchalld8@theguardian.com,371.48
1585592530000,Elladine,Zamudio,Tsapêraī,AF,ezamudiod9@oracle.com,982.81
1575045201000,Bride,Spoward,Jovim,PT,bspowardda@sitemeter.com,889.87
1547550046000,Lilah,Hischke,El Bauga,SD,lhischkedb@google.fr,640.22
1599432655000,Pierre,Tonner,Morteros,AR,ptonnerdc@woothemes.com,869.67
1558783530000,Rudy,Brussels,Shengao,CN,rbrusselsdd@virginia.edu,987.88
1550189075000,Frankie,Rickertsen,Tubalan,PH,frickertsende@vk.com,470.92
1555227512000,Brady,Thornbarrow,Ulbroka,LV,bthornbarrowdf@loc.gov,380.34
1546733401000,Gaile,Rubinek,Zephyrhills,US,grubinekdg@boston.com,616.58
1557253573000,Ker,Philipps,Shuanghekou,CN,kphilippsdh@goo.ne.jp,611.31
1587721724000,Kaleb,Joron,Hengshui,CN,kjorondi@hc360.com,466.69
1563071325000,Wilbur,Mathison,Ochër,RU,wmathisondj@hhs.gov,321.04
1542201085000,Drud,Kubat,Abu Dhabi,AE,dkubatdk@rakuten.co.jp,146.58
1564807010000,Ches,Thomelin,Ala-Buka,KG,cthomelindl@people.com.cn,345.85
1548408808000,Shanna,Cornner,Xinjian,CN,scornnerdm@vimeo.com,211.24
1558619988000,Gawen,Rubinsohn,Guocun,CN,grubinsohndn@tumblr.com,585.11
1576417992000,Duncan,Leather,Cannes,FR,dleatherdo@accuweather.com,325.71
1585018622000,Judith,Hillock,Barinitas,VE,jhillockdp@newyorker.com,186.01
1590468127000,Marjy,Sikora,Aoji-ri,KP,msikoradq@boston.com,992.23
1545178656000,Magda,Baldocci,Leceia,PT,mbaldoccidr@google.ru,501.31
1567611446000,Evyn,Stockin,Huangtugang,CN,estockinds@icq.com,815.77
1542709448000,Brinn,Westmore,Mananara,MG,bwestmoredt@g.co,867.81
1572417121000,Gerladina,Geibel,Raminho,PT,ggeibeldu@latimes.com,698.14
1577795236000,Barnaby,Skipper,Guanshan,CN,bskipperdv@ibm.com,55.48
1571805932000,Vivien,Maruszewski,Kedungdowo,ID,vmaruszewskidw@360.cn,624.26
1571968215000,Bobby,Corns,Aldana,CO,bcornsdx@psu.edu,442.47
1583553827000,Lura,Behnecken,Julun,CN,lbehneckendy@wunderground.com,269.56
1563255530000,,,,,,271.23
1592107020000,Cobbie,Dumphrey,La Carlota,PH,cdumphreye0@google.ru,157.61
1572078554000,Bart,McGunley,Beringinjaya,ID,bmcgunleye1@multiply.com,519.74
1576908811000,Roxana,Knudsen,Järfälla,SE,rknudsene2@github.com,381.54
1573704783000,Aline,McFfaden,Liudu,CN,amcffadene3@vinaora.com,979.78
1575627544000,Deva,Hearn,Anrong,CN,dhearne4@tmall.com,55.02
1561420852000,Purcell,Sango,Garawati,ID,psangoe5@who.int,555.4
1593488888000,Pascal,Anyene,Qishn,YE,panyenee6@so-net.ne.jp,779.09
1568370558000,Amity,Barme,Čakovec,HR,abarmee7@trellian.com,975.62
1599808779000,Mahalia,Mathys,Napier,NZ,mmathyse8@oakley.com,305.86
1560560078000,Madelle,Castaner,Putrajaya,MY,mcastanere9@blogs.com,841.57
1569304665000,,,,,,585.93
1579491122000,Ivory,Farbrother,Yangzizhou,CN,ifarbrothereb@over-blog.com,754.35
1541393033000,Ardith,Mosedale,Dulangan,PH,amosedaleec@networksolutions.com,590.79
1548822168000,Rolland,Sporton,Casais Baleal,PT,rsportoned@guardian.co.uk,242.66
1591857808000,Wadsworth,Gooday,Zuocun,CN,wgoodayee@ca.gov,789.11
1559498084000,Gelya,Parrin,Barueri,BR,gparrinef@php.net,618.76
1542337704000,Halsy,Shimony,Wanquan,CN,hshimonyeg@rakuten.co.jp,158.57
1574468188000,,,,,,339.37
1588596142000,Netty,Reason,Caicedonia,CO,nreasonei@yellowbook.com,943.04
1563410337000,Krisha,Fransson,Rivera,CO,kfranssonej@sfgate.com,548.04
1583738362000,Karole,Whittick,Ô Môn,VN,kwhittickek@yellowpages.com,311.59
1592614573000,Keefer,Doumerc,Eṭ Ṭaiyiba,IL,kdoumercel@pinterest.com,901.62
1595623614000,Kale,Hinstridge,Shah Alam,MY,khinstridgeem@youtu.be,5.34
1540543742000,Wesley,Hanburry,Jilma,TN,whanburryen@technorati.com,291.53
1566999254000,,,,,,825.79
1538929775000,Jamey,Rutley,København,DK,jrutleyep@soundcloud.com,790.67
1597589695000,Pepita,Gilhouley,Leubatang,ID,pgilhouleyeq@vistaprint.com,789.6
1568702225000,Madlen,Landre,Kashiwa,JP,mlandreer@clickbank.net,225.0
1577924317000,Carl,Stempe,Xichangmen,CN,cstempees@go.com,969.26
1575895901000,Rikki,Soppett,Adstock,CA,rsoppettet@alibaba.com,654.08
1538433219000,Ky,Cowlin,Kembangan,ID,kcowlineu@nifty.com,542.32
1581894359000,Bernadina,Petrasch,Fajsławice,PL,bpetraschev@hatena.ne.jp,735.64
1590078014000,Chrysa,Gerholz,Toukh,EG,cgerholzew@vistaprint.com,29.41
1562098091000,Rasla,Makinson,Shaydon,TJ,rmakinsonex@cyberchimps.com,138.24
1589448455000,Edee,O'Corrigane,Ruangwa,TZ,eocorriganeey@rambler.ru,642.82
1596436421000,Debera,Forman,Kohtla-Järve,EE,dformanez@google.pl,333.58
1538519959000,Bertie,Darlaston,Charat,PE,bdarlastonf0@netvibes.com,557.9
1579987643000,,,,,,173.03
1545495554000,Yul,Matthessen,Kamienna Góra,PL,ymatthessenf2@telegraph.co.uk,147.13
1595850218000,Malissia,Wormell,Derventa,BA,mwormellf3@cmu.edu,801.4
1597650312000,Cly,McCoveney,Velyki Kopany,UA,cmccoveneyf4@cafepress.com,253.17
1551470652000,Jesus,Flood,Greenwood,CA,jfloodf5@wsj.com,214.53
1571047758000,Gerick,Mewton,Maiac,MD,gmewtonf6@mayoclinic.com,232.25
1554975983000,Melloney,Planque,Digkilaan,PH,mplanquef7@netscape.com,805.94
1543315270000,Marylou,Hellings,Banqiaodian,CN,mhellingsf8@free.fr,765.63
1553442209000,Giusto,Carthew,Suwatu,ID,gcarthewf9@tiny.cc,47.71
1571489271000,Zared,Camell,Haolin,CN,zcamellfa@free.fr,846.71
1564731209000,Jordon,Roggero,Le Havre,FR,jroggerofb@springer.com,32.09
1567823026000,Jeffie,Kunrad,Kimch’aek-si,KP,jkunradfc@wikimedia.org,777.95
1560607414000,Eamon,Watsam,Tajumulco,GT,ewatsamfd@biglobe.ne.jp,445.56
1557048062000,Laraine,Tordoff,Lazaro Cardenas,MX,ltordofffe@ycombinator.com,496.19
1553851201000,Grove,Yandle,Corga,PT,gyandleff@intel.com,812.5
1550344394000,Erminie,Anfrey,Mandalay,MM,eanfreyfg@vkontakte.ru,349.58
1590857945000,Nowell,Grimley,Loa Janan,ID,ngrimleyfh@github.io,877.0
1550418523000,Cleve,Hryniewicz,Xushangqiao,CN,chryniewiczfi@blogspot.com,415.78
1559742298000,Wynn,Necolds,Yakovlevo,RU,wnecoldsfj@sogou.com,720.13
1546803354000,Cosetta,Bellinger,Mosar,BY,cbellingerfk@zdnet.com,68.28
1557260400000,Brion,McLennan,Cengang,CN,bmclennanfl@ucoz.com,966.96
1568849355000,,,,,,591.96
1548667155000,Wait,Gerring,Agoo,PH,wgerringfn@nps.gov,282.31
1553047409000,Kial,Leband,Montauban,FR,klebandfo@chronoengine.com,195.05
1599700738000,Rosie,O'Connel,Lápas,GR,roconnelfp@meetup.com,300.54
1552620112000,Sherry,Musslewhite,Tanahwangko,ID,smusslewhitefq@studiopress.com,316.83
1566849287000,Bald,Cow,Chivor,CO,bcowfr@flavors.me,774.1
1587313928000,Nerty,Duckhouse,Sanbaishan,CN,nduckhousefs@free.fr,679.23
1557658856000,Gaven,Scriven,Ragana,LV,gscrivenft@seattletimes.com,789.02
1595925031000,Mack,Ginn,Leńcze,PL,mginnfu@apache.org,565.89
1565038366000,Hyacinthe,Slocum,Al Maḩfid,YE,hslocumfv@rakuten.co.jp,337.38
1555624917000,Giordano,Vest,Krzanowice,PL,gvestfw@va.gov,43.0
1578661340000,Valeda,Siggin,Las Terrenas,DO,vsigginfx@merriam-webster.com,434.23
1569620238000,Putnam,Phippard,El Olivar,HN,pphippardfy@smh.com.au,577.94
1540866696000,Shara,Bowhay,Taraz,KZ,sbowhayfz@utexas.edu,544.12
1561298782000,Shandeigh,Trudgion,Nyima,CN,strudgiong0@typepad.com,244.49
1574896524000,Augusto,Klugman,Raciąż,PL,aklugmang1@cocolog-nifty.com,59.78
1546969150000,Averil,Anthiftle,Akademgorodok,RU,aanthiftleg2@stumbleupon.com,231.9
1583976839000,Aloysia,Fozzard,Smolino,RU,afozzardg3@mapquest.com,758.04
1583333912000,Lynnett,Scarlin,Hushan,CN,lscarling4@npr.org,681.69
1591069059000,Amargo,Seignior,Czechowice-Dziedzice,PL,aseigniorg5@csmonitor.com,192.53
1592817558000,Marlo,Langthorne,Al Ḩumaydāt,YE,mlangthorneg6@slideshare.net,851.14
1564556460000,Dalis,Dubock,Fūman,IR,ddubockg7@fda.gov,644.85
1562323924000,Rollins,Dunkley,Cimo de Vila,PT,rdunkleyg8@zimbio.com,299.83
1587732330000,Alicia,Christley,Novotroitsk,RU,achristleyg9@yolasite.com,76.31
1559530573000,Kristel,Roby,Skrzydlna,PL,krobyga@mapquest.com,431.42
1541584715000,Cynthy,Silberschatz,Nankai,CN,csilberschatzgb@admin.ch,366.75
1552373431000,Findley,Coyte,Holice,CZ,fcoytegc@tripadvisor.com,263.8
1557868260000,,,,,,599.19
1562491998000,Lesli,Caulton,Washington,US,lcaultonge@163.com,405.53
1591177284000,Jarrad,Dodle,Rogowo,PL,jdodlegf@sohu.com,54.2
1544715203000,Etty,Dahlgren,Matriz de Camaragibe,BR,edahlgrengg@networkadvertising.org,122.16
1548039317000,Jakob,Dirkin,Naqadeh,IR,jdirkingh@psu.edu,16.39
1569702798000,Catlee,Immins,Alejal,PH,cimminsgi@elegantthemes.com,33.39
1580387779000,Forbes,MacKenny,Kanzaki,JP,fmackennygj@ovh.net,350.87
1567927586000,Madelena,Gurry,Boavista,PT,mgurrygk@yahoo.com,841.2
1594915450000,Jerald,Von Der Empten,Somita,GM,jvonderemptengl@patch.com,820.47
1551175982000,Felice,Shillito,Qelëz,AL,fshillitogm@artisteer.com,95.15
1566343090000,Tandie,Peacey,Cerro Blanco,HN,tpeaceygn@cargocollective.com,868.94
1560508363000,Shelden,Ormerod,Jiaoxie,CN,sormerodgo@blogs.com,418.3
1587033226000,Arlina,Coe,Wurigelebur,ID,acoegp@bizjournals.com,317.19
1544288101000,Hartwell,Itzkovitch,Lomboy,PH,hitzkovitchgq@telegraph.co.uk,954.77
1589884927000,Kittie,Justis,Fubin,CN,kjustisgr@fc2.com,996.68
1570655445000,,,,,,319.11
1580985792000,,,,,,689.17
1590923239000,Remus,Barrat,Sincelejo,CO,rbarratgu@smugmug.com,588.98
1595043454000,Fay,Garlic,Sagana,PH,fgarlicgv@a8.net,489.26
1548089630000,Rouvin,Bidder,Helong,CN,rbiddergw@edublogs.org,773.25
1554930287000,Juliana,Yorston,Toledo,US,jyorstongx@furl.net,12.36
1543294938000,Janeen,Akester,Nantes,FR,jakestergy@istockphoto.com,613.16
1540133791000,,,,,,552.46
1543518134000,Agustin,Bruhn,Xiamao,CN,abruhnh0@example.com,556.05
1594711519000,Trace,Click,Ait Ali,DZ,tclickh1@elegantthemes.com,383.49
1562654517000,Andriette,Gainseford,Zaklików,PL,againsefordh2@loc.gov,907.34
1540838025000,Emyle,Fumagallo,Toledo,US,efumagalloh3@godaddy.com,761.61
1556716468000,,,,,,620.4
1575100069000,Germaine,Brewer,Peristerona,CY,gbrewerh5@webnode.com,958.82
1593329835000,Vanni,Katte,Thành Phố Nam Định,VN,vkatteh6@cdbaby.com,871.75
1561357099000,Phebe,Cutting,Monrovia,LR,pcuttingh7@t-online.de,169.99
1591639723000,Anselm,Millthorpe,Providence,MU,amillthorpeh8@noaa.gov,200.47
1545215112000,Arlyn,Thorburn,Garoua,CM,athorburnh9@accuweather.com,80.77
1543285916000,Garreth,Paddle,Maymana,AF,gpaddleha@ebay.com,658.84
1562394238000,Mace,Jennison,Shaoxing,CN,mjennisonhb@google.nl,535.05
1591437646000,Ignacius,Gamlen,Swords,IE,igamlenhc@bandcamp.com,926.19
1579481764000,Goldy,Bertl,Bhamdoun,LB,gbertlhd@geocities.jp,443.51
1570593960000,Fionna,Scrivner,Mueang Nonthaburi,TH,fscrivnerhe@clickbank.net,981.43
1583362303000,Paolina,Dawton,Lingyuan,CN,pdawtonhf@reddit.com,111.96
1599689212000,Willie,Purbrick,Mangulile,HN,wpurbrickhg@webs.com,223.01
1600369180000,Karlene,Hazael,Río Grande,DO,khazaelhh@umich.edu,828.04
1561130337000,Morry,Zoanetti,Vigo,PH,mzoanettihi@homestead.com,820.08
1543623174000,Corty,Layhe,Ankazondandy,MG,clayhehj@wordpress.com,838.21
1564285893000,Nicky,Heaford,Kumba,CM,nheafordhk@google.fr,167.7
1579490255000,Cherie,Giacobini,Wieczfnia Kościelna,PL,cgiacobinihl@myspace.com,556.5
1570946018000,Margette,Shawl,Northern Suburbs Mc,AU,mshawlhm@sphinn.com,75.11
1580985981000,Lettie,Kinchlea,Santander,ES,lkinchleahn@narod.ru,195.17
1549198197000,Patrica,Goalley,Sanya,CN,pgoalleyho@istockphoto.com,405.89
1574161114000,Nikolas,de Broke,Boketu,CN,ndebrokehp@pen.io,62.24
1575223606000,Lambert,Burle,Trondheim,NO,lburlehq@liveinternet.ru,343.28
1561490607000,Janka,Gimeno,Semikarakorsk,RU,jgimenohr@gravatar.com,529.08
1577987878000,Tedmund,Middup,Balogo,PH,tmidduphs@msu.edu,150.1
1566167211000,Reagen,Postans,Đưc Trọng,VN,rpostansht@unesco.org,391.1
1593666193000,Nowell,Baumert,Lyon,FR,nbaumerthu@unc.edu,29.07
1576837550000,Korey,Kinnar,Daitōchō,JP,kkinnarhv@csmonitor.com,333.98
1565952816000,Janis,Lejeune,Al Qiţena,SD,jlejeunehw@java.com,220.04
1576046413000,Rebekah,Marr,Xilin Hot,CN,rmarrhx@ucla.edu,876.65
1572733549000,Bert,Greenall,Chyżne,PL,bgreenallhy@patch.com,332.24
1566818682000,Saunder,Cockshtt,Carmo do Paranaíba,BR,scockshtthz@chron.com,291.39
1565510979000,Christine,Yurenev,Shangcai Zhongxing,CN,cyurenevi0@ucsd.edu,169.25
1539993657000,,,,,,568.41
1583686525000,Franny,O'Sesnane,Bierawa,PL,fosesnanei2@lycos.com,96.6
1586285370000,Kala,Mutimer,Zhoujia,CN,kmutimeri3@globo.com,417.19
1541795222000,Mozes,Sebrook,Munjungan,ID,msebrooki4@tripadvisor.com,235.14
1539106193000,Sunshine,Naish,Paris 19,FR,snaishi5@boston.com,362.94
1559461074000,Dale,Demcik,Malo,ID,ddemciki6@google.ca,870.58
1557025016000,Erastus,Balser,Xinmin,CN,ebalseri7@histats.com,678.61
1595713695000,Merrill,Pic,Sukacai Tengah,ID,mpici8@themeforest.net,871.79
1547142044000,Ralf,Lindberg,Lewo,ID,rlindbergi9@zdnet.com,343.74
1592923724000,Norina,Everwin,Saint-Brieuc,FR,neverwinia@youtu.be,831.15
1583245821000,Tressa,Farr,Krabi,TH,tfarrib@biglobe.ne.jp,273.33
1556656680000,Chelsey,Winnard,Rogóźno,PL,cwinnardic@hugedomains.com,965.1
1560471143000,Willie,Reame,Jinji,CN,wreameid@e-recht24.de,215.74
1576819560000,Matthew,Gonthard,Xinxiang,CN,mgonthardie@abc.net.au,401.91
1580442680000,Aubrey,Tigner,Bykhaw,BY,atignerif@yolasite.com,279.68
1579215164000,Lonni,Arnke,Zhangpu,CN,larnkeig@360.cn,943.67
1548102898000,Chelsy,Ollet,Krasnyy Klyuch,RU,colletih@mit.edu,245.51
1559506675000,Eamon,Littlefield,Huangliang,CN,elittlefieldii@skyrock.com,872.12
1566191960000,Cam,Gladstone,General Ramírez,AR,cgladstoneij@newyorker.com,126.32
1593570901000,Leandra,Dallicott,Puno,PE,ldallicottik@go.com,778.08
1585493178000,Celisse,Zukierman,Bershet’,RU,czukiermanil@yelp.com,619.66
1583729539000,Dyana,Hallyburton,Grand Rapids,US,dhallyburtonim@qq.com,419.77
1582106751000,Clarie,Coucha,Doushan,CN,ccouchain@hatena.ne.jp,175.02
1584424984000,Justino,Balint,Madang,CN,jbalintio@independent.co.uk,77.6
1539876236000,Catha,Studdard,Nanhuatang,CN,cstuddardip@google.ru,524.76
1549107060000,Lisette,Brozsset,Sanzao,CN,lbrozssetiq@angelfire.com,796.37
1564747095000,Philomena,Steenson,Zel’va,BY,psteensonir@nps.gov,508.53
1565331350000,Winfield,Poluzzi,Garanhuns,BR,wpoluzziis@guardian.co.uk,71.77
1600382967000,Fredericka,Lyver,Papetoai,PF,flyverit@tmall.com,900.08
1552759068000,Oswald,Farthin,Shumyachi,RU,ofarthiniu@altervista.org,81.11
1589102079000,Bil,Zimmermanns,Ewirgol,CN,bzimmermannsiv@foxnews.com,932.34
1548375013000,Helaina,MacKeig,Franca,BR,hmackeigiw@cnbc.com,695.95
1549910811000,Tynan,Gromley,Maji,CN,tgromleyix@mail.ru,850.43
1542711398000,Cornell,Escot,Shiziling,CN,cescotiy@sbwire.com,667.27
1556204671000,Stephana,Reicherz,Mendeleyevskiy,RU,sreicherziz@slashdot.org,560.72
1600007365000,Inglebert,Tulleth,Néo Psychikó,GR,itullethj0@example.com,809.62
1594545659000,Kristi,McNulty,Bayuin,PH,kmcnultyj1@uol.com.br,271.24
1553071867000,,,,,,696.03
1585706760000,Alano,Scragg,Jiangtun,CN,ascraggj3@tmall.com,302.05
1563121156000,Titus,Gittis,Dongxin,CN,tgittisj4@forbes.com,703.26
1596075790000,Tad,Cobbold,Kabukarudi,ID,tcobboldj5@china.com.cn,371.5
1584299442000,Daniele,Eidelman,Västerås,SE,deidelmanj6@usda.gov,29.01
1598980584000,Randy,Landy,Saryg-Sep,RU,rlandyj7@wired.com,495.88
1566644268000,Erwin,Sturdey,Li’an,CN,esturdeyj8@angelfire.com,370.27
1585152512000,Gerick,Rodge,Val-de-Reuil,FR,grodgej9@nba.com,795.93
1573417608000,Kerry,Deniscke,Corquín,HN,kdenisckeja@linkedin.com,681.52
1592126330000,Shell,Maylard,Borūjerd,IR,smaylardjb@ebay.com,272.46
1543012850000,Helli,Hutson,Kolç,AL,hhutsonjc@bizjournals.com,788.46
1550417681000,Sayer,Sidnall,Xihuaiba,CN,ssidnalljd@purevolume.com,129.3
1541508488000,Rodney,Varfolomeev,Novoukrainskiy,RU,rvarfolomeevje@networkadvertising.org,83.52
1555700264000,Aldous,Chasen,Travesía,HN,achasenjf@bigcartel.com,201.15
1588235435000,Hercule,Parmeter,Le Hochet,MU,hparmeterjg@yale.edu,51.79
1588373642000,Gipsy,Narup,San Lucas Sacatepéquez,GT,gnarupjh@tuttocitta.it,977.55
1548351673000,,,,,,65.38
1556095544000,Corry,Ferryn,Arcueil,FR,cferrynjj@xing.com,199.84
1593789319000,Debra,Milward,Chartres,FR,dmilwardjk@ca.gov,392.36
1589961743000,Lothario,Dyment,Deqing,CN,ldymentjl@altervista.org,737.16
1591097820000,Benedetta,Tadman,Xiaozhi,CN,btadmanjm@mediafire.com,270.3
1567369423000,Heinrick,Micheau,Sakura,JP,hmicheaujn@rakuten.co.jp,997.14
1586185397000,Willdon,Ketteman,Albany,US,wkettemanjo@jigsy.com,793.11
1547126682000,Teador,Moro,Tanūmah,SA,tmorojp@stumbleupon.com,186.7
1591692273000,Cathleen,Ianitti,Yarumal,CO,cianittijq@fotki.com,444.93
1595573514000,Clarke,Rosborough,Liujiachang,CN,crosboroughjr@webeden.co.uk,688.08
1542057109000,Renard,Lacroutz,San Carlos,PH,rlacroutzjs@oakley.com,979.34
1577221742000,Evvie,Iacopini,Akhaltsikhe,GE,eiacopinijt@tamu.edu,819.12
1559780831000,Josias,Korneluk,Lages,PT,jkornelukju@reuters.com,608.28
1564044869000,Shannan,Divisek,Pinellas Park,US,sdivisekjv@elegantthemes.com,606.54
1541841723000,,,,,,687.21
1558142263000,Roz,Tampling,Atok,PH,rtamplingjx@constantcontact.com,195.1
1539540036000,Betty,Trask,Xianshui,CN,btraskjy@washingtonpost.com,338.0
1538417990000,Sharleen,Vasilyevski,Paris 13,FR,svasilyevskijz@amazon.de,685.35
1551190207000,Jacinta,Hughes,Liberia,CR,jhughesk0@4shared.com,934.98
1540025452000,Miltie,Klaussen,Maño,PH,mklaussenk1@hud.gov,582.75
1580662027000,Madella,Wesker,Nankou,CN,mweskerk2@yahoo.co.jp,502.67
1553419055000,Lucretia,Luckie,Wanmu,CN,lluckiek3@diigo.com,180.44
1545511970000,Barbra,MacCallum,Rangpur,BD,bmaccallumk4@theatlantic.com,518.61
1558090949000,Emmi,Durden,Taypano,PH,edurdenk5@stumbleupon.com,308.13
1585697339000,Worthington,Moxham,Barabedang,ID,wmoxhamk6@google.pl,714.56
1594156925000,Casi,Bedin,Okhtyrka,UA,cbedink7@ocn.ne.jp,316.99
1554153197000,Batsheva,Ounsworth,Dongxing,CN,bounsworthk8@theguardian.com,7.23
1546607978000,Lexis,Ingliby,Tanahmerah,ID,linglibyk9@elegantthemes.com,208.81
1593264096000,Devina,Tisor,Paratinga,BR,dtisorka@unesco.org,463.58
1588566693000,Purcell,Guage,Rabat,MT,pguagekb@vistaprint.com,660.75
1580792689000,Theo,Kinvig,Strabychovo,UA,tkinvigkc@yolasite.com,457.26
1564028792000,Stillman,Haimes,Soutelo,PT,shaimeskd@ihg.com,69.78
1539579847000,Stanley,Syme,Da’an,CN,ssymeke@salon.com,269.88
1555466049000,Penrod,Whardley,Uman’,UA,pwhardleykf@naver.com,516.12
1540551669000,Valery,Zanussii,Rejanegara,ID,vzanussiikg@buzzfeed.com,453.63
1563983995000,Asa,Duny,Nova Olímpia,BR,adunykh@google.nl,940.84
1598595194000,Leila,Varfolomeev,Butwāl,NP,lvarfolomeevki@bravesites.com,709.73
1595782160000,Torey,Manners,Klyuchevsk,RU,tmannerskj@rambler.ru,989.18
1564709471000,Felicity,Budding,Wilków,PL,fbuddingkk@ebay.com,628.92
1546460960000,Editha,Brookhouse,Shiqiaotou,CN,ebrookhousekl@indiatimes.com,404.14
1575678811000,Constantine,Gregon,Majingklak,ID,cgregonkm@vkontakte.ru,702.5
1588224450000,Conny,Dodimead,Zolochiv,UA,cdodimeadkn@ibm.com,406.95
1570964137000,Ella,Zettoi,Xinji,CN,ezettoiko@ucla.edu,304.07
1549918690000,Khalil,Muscott,Kota Kinabalu,MY,kmuscottkp@nature.com,99.66
1589661876000,Paton,Dewis,Lagoa,PT,pdewiskq@infoseek.co.jp,963.89
1571014176000,Norbie,Axelby,Rättvik,SE,naxelbykr@oaic.gov.au,942.32
1569517515000,Ethelda,Le Clercq,Peristerona,CY,eleclercqks@baidu.com,362.28
1549595056000,Willa,Janicek,Niquinohomo,NI,wjanicekkt@bloomberg.com,122.17
1554024124000,Abbe,Barles,Baiqi,CN,abarlesku@nbcnews.com,656.33
1592393659000,Garfield,Spaduzza,Zilang,CN,gspaduzzakv@cdc.gov,589.8
1593092845000,Trefor,Wernher,Dardhas,AL,twernherkw@purevolume.com,458.3
1550086447000,Eveline,Juorio,Butigui,PH,ejuoriokx@theglobeandmail.com,335.46
1577862289000,Conrad,Glaves,Dolores,UY,cglavesky@patch.com,126.52
1576301934000,Thaine,Digman,Maputsoe,LS,tdigmankz@t-online.de,610.61
1592525515000,Thaddeus,Lydiatt,Kimanuit,PH,tlydiattl0@bluehost.com,764.31
1598908610000,Serena,Erik,Zengji,CN,serikl1@ucoz.ru,357.42
1551348996000,Jandy,McHarry,Jinhai,CN,jmcharryl2@imdb.com,998.68
1546740963000,Mariya,Ellsbury,Zhongchao,CN,mellsburyl3@ebay.com,430.16
1588865558000,Berrie,Bastide,Shangchewan,CN,bbastidel4@networksolutions.com,527.35
1573613115000,Kayley,Gibbens,Tai’an,CN,kgibbensl5@sourceforge.net,182.41
1554594834000,Enriqueta,Pietersen,Selizharovo,RU,epietersenl6@yahoo.co.jp,220.22
1581522735000,Minda,Gotcliffe,Kopral,ID,mgotcliffel7@soup.io,897.9
1600245982000,,,,,,731.73
1540472615000,Jecho,Korejs,Las Cruces,US,jkorejsl9@youtu.be,418.51
1583842901000,Axe,Pitherick,Mirontsi,KM,apitherickla@chicagotribune.com,138.39
1547131353000,Cornela,Rigate,Jinshandian,CN,crigatelb@cam.ac.uk,413.16
1551466223000,Ruperto,Malecky,Yuqi,CN,rmaleckylc@csmonitor.com,161.32
1581927535000,Armin,Gibbins,Yanahuaya,PE,agibbinsld@delicious.com,44.59
1596816755000,Colas,Hendrichs,Zouparria do Monte,PT,chendrichsle@usnews.com,631.64
1540461179000,Traci,Dyster,Luksuhin,PH,tdysterlf@angelfire.com,899.95
1544914958000,Peyter,Barcke,Cedar Rapids,US,pbarckelg@jimdo.com,584.22
1550204841000,Dennie,Weatherall,Vale da Bajouca,PT,dweatheralllh@wordpress.com,41.89
1589669082000,Carolynn,Gilardone,Stuttgart,DE,cgilardoneli@foxnews.com,87.09
1586981270000,Nikkie,Rolls,Malaḩ,SY,nrollslj@blog.com,583.01
1538986730000,Vic,Andrin,Samboan,PH,vandrinlk@arstechnica.com,797.43
1565755826000,Humfrid,Bruyntjes,Dobdoban,PH,hbruyntjesll@ed.gov,955.75
1547206230000,Jules,Wonfor,Olejet,ID,jwonforlm@ft.com,872.66
1565139599000,Ancell,Parsisson,Krimpen aan den IJssel,NL,aparsissonln@feedburner.com,971.52
1560450162000,Eustacia,Dredge,Samannūd,EG,edredgelo@sciencedirect.com,261.74
1562828914000,Brian,Deverell,Tejar,CR,bdeverelllp@cam.ac.uk,950.61
1585936697000,Joelly,Cleverly,Pyhäjoki,FI,jcleverlylq@usda.gov,514.95
1543651209000,Ellen,Bartleet,Skiáthos,GR,ebartleetlr@jiathis.com,170.95
1600610391000,Ruddy,Harmon,Huangqu,CN,rharmonls@unesco.org,562.23
1582911025000,Tillie,Huller,Jiahe,CN,thullerlt@nature.com,916.43
1545747991000,Konstantine,Sandle,Maopingchang,CN,ksandlelu@ucoz.com,698.51
1571658242000,Burlie,Bethel,Gusong,CN,bbethellv@uiuc.edu,484.8
1556089593000,Kaitlynn,Lempertz,Toshkivka,UA,klempertzlw@ycombinator.com,758.4
1593735657000,Ash,Spiller,Youxi,CN,aspillerlx@oakley.com,883.87
1553226620000,Briney,Plaschke,Bouças,PT,bplaschkely@mediafire.com,331.69
1585268665000,Sibilla,Littell,Quezon,PH,slittelllz@wiley.com,818.97
1598016728000,Joly,Perrat,Yuecheng,CN,jperratm0@wordpress.com,339.78
1546545841000,Forester,Peggs,Žagarė,LT,fpeggsm1@slate.com,592.01
1590117717000,Lona,Collisson,Zwettl,AT,lcollissonm2@etsy.com,80.11
1585083511000,Jessalin,Dowdney,Vänersborg,SE,jdowdneym3@tuttocitta.it,472.0
1580510596000,Salvatore,Treat,Borek Wielkopolski,PL,streatm4@friendfeed.com,199.5
1590257462000,Naoma,Ivasyushkin,Calingcuan,PH,nivasyushkinm5@trellian.com,114.87
1592310719000,Jeremie,Barck,Liangdong,CN,jbarckm6@mashable.com,727.56
1582274111000,Annissa,Mourant,Xucheng,CN,amourantm7@elpais.com,166.33
1557478977000,Hersh,Harwell,Thị Trấn Tủa Chùa,VN,hharwellm8@google.ru,143.43
1566888202000,,,,,,321.16
1583048760000,Dorene,Sergison,Janeng,BW,dsergisonma@feedburner.com,240.54
1538766361000,Hodge,Naper,Metapán,SV,hnapermb@mediafire.com,175.56
1566877313000,Parrnell,Blackman,Ust’-Isha,RU,pblackmanmc@jigsy.com,204.98
1554562045000,Stephi,Zanitti,Qaryūt,PS,szanittimd@cbc.ca,717.72
1594442077000,Dedie,Sarton,Cikiray,ID,dsartonme@posterous.com,130.21
1589128284000,Vivien,Giddins,Jedlina-Zdrój,PL,vgiddinsmf@ucoz.com,174.18
1549595987000,Nickie,Clemendot,Ozubulu,NG,nclemendotmg@java.com,37.25
1583826377000,Ladonna,Oblein,Sukamulya,ID,lobleinmh@businessinsider.com,526.35
1575007260000,Cookie,Kiely,Bamban,ID,ckielymi@squidoo.com,754.74
1566556167000,Christabel,Jeanequin,Isla Verde,AR,cjeanequinmj@i2i.jp,847.91
1598357930000,Goldia,Pellew,Bruxelles,BE,gpellewmk@about.me,902.88
1546054151000,Dona,Dunstan,Sagaing,MM,ddunstanml@ucla.edu,223.34
1595599297000,Joannes,Schimon,Guazacapán,GT,jschimonmm@creativecommons.org,283.76
1587784496000,Pail,Grady,Shatian,CN,pgradymn@google.ca,34.23
1567555898000,Dougy,Leipoldt,Bento Gonçalves,BR,dleipoldtmo@bloomberg.com,285.62
1580925448000,Vyky,Maryman,Novozybkov,RU,vmarymanmp@t-online.de,962.39
1546074582000,Audra,Attewell,Or Yehuda,IL,aattewellmq@bing.com,576.45
1582893143000,Iseabal,Skein,Villa Bisonó,DO,iskeinmr@github.io,525.33
1540035018000,Caren,Sambrok,Chaoyang,CN,csambrokms@economist.com,919.34
1562201387000,Felic,Fishpool,Awilega,ID,ffishpoolmt@dailymail.co.uk,259.78
1581832776000,Rhonda,Cordsen,Pozo Hondo,AR,rcordsenmu@plala.or.jp,635.57
1569120229000,Alysia,Caccavari,Kelasuri,GE,acaccavarimv@themeforest.net,270.27
1549123109000,Maridel,Birkinshaw,Kęsowo,PL,mbirkinshawmw@amazon.co.jp,262.83
1550938529000,Marci,Torns,Pamiers,FR,mtornsmx@about.me,318.49
1561187966000,Hilliard,Westwick,Whakatane,NZ,hwestwickmy@comsenz.com,458.4
1596117220000,Agna,Middlemist,Sanlifan,CN,amiddlemistmz@hhs.gov,61.06
1580598307000,Jacklyn,Manginot,Ipameri,BR,jmanginotn0@time.com,375.07
1556621503000,Hortensia,Pannaman,Kabinda,CD,hpannamann1@indiatimes.com,796.1
1571330032000,Jacquelynn,Deny,Sillon,PH,jdenyn2@w3.org,857.33
1586642358000,Martelle,Eberst,Otavalo,EC,meberstn3@storify.com,966.15
1560553570000,Hogan,Anwell,Mikołów,PL,hanwelln4@chron.com,687.89
1552102166000,Rakel,Brady,Liandu,CN,rbradyn5@instagram.com,572.05
1545876628000,Sherlock,Marcinkus,Guanjiabao,CN,smarcinkusn6@rambler.ru,234.03
1540211895000,Walden,Cheverell,Botoh,ID,wcheverelln7@npr.org,829.6
1568414126000,Shermie,Tugwell,Changxing,CN,stugwelln8@1688.com,719.09
1564094720000,,,,,,145.93
1560687621000,,,,,,783.39
1571399609000,Randy,Hebblewaite,Kauman,ID,rhebblewaitenb@va.gov,597.8
1576995203000,Jerrie,Argente,Bureya,RU,jargentenc@kickstarter.com,967.42
1598912006000,Rudolfo,Brim,Giesteira,PT,rbrimnd@themeforest.net,49.3
1550648271000,Stu,Ewdale,Strassen,LU,sewdalene@addtoany.com,457.56
1595740219000,Leshia,Phillis,Gonghe,CN,lphillisnf@toplist.cz,436.06
1544991322000,Melvyn,Farens,La Motte-Servolex,FR,mfarensng@imageshack.us,850.28
1593290868000,Lanette,Georgel,Copa,PE,lgeorgelnh@mac.com,825.51
1586720937000,Marni,Fairhead,Omuthiya,NA,mfairheadni@acquirethisname.com,177.74
1592414889000,Lenna,Stackbridge,Piraí do Sul,BR,lstackbridgenj@ezinearticles.com,868.86
1570012526000,Glenine,Crocetto,Namalenga,TZ,gcrocettonk@examiner.com,741.54
1549628946000,Paige,Kehoe,Pudoc,PH,pkehoenl@google.it,567.09
1554716998000,Cullen,Romayn,Gaoyi,CN,cromaynnm@geocities.jp,768.45
1580506928000,Roxy,Jiroutka,Prokhladnyy,RU,rjiroutkann@aol.com,698.4
1579790244000,Rowen,Presser,Shilovo,RU,rpresserno@netlog.com,787.65
1583000314000,Vinni,Egger,Khrebtovaya,RU,veggernp@princeton.edu,17.41
1584544008000,Dougie,Byers,Payao,PH,dbyersnq@ebay.co.uk,963.47
1595368911000,Miguela,Milligan,Patos Fshat,AL,mmilligannr@state.gov,893.17
1584211307000,Lynnelle,Froment,Ljungby,SE,lfromentns@sfgate.com,439.12
1558462744000,Cairistiona,Showler,Nahrīn,AF,cshowlernt@macromedia.com,823.51
1571921612000,Robin,Porter,Panaytayon,PH,rporternu@adobe.com,496.36
1595506739000,Ofelia,MacClure,Nasielsk,PL,omacclurenv@bloglines.com,637.14
1541510190000,Abbye,McGuane,Linstead,JM,amcguanenw@youku.com,191.01
1547441648000,Melina,Brakespear,Taizi,CN,mbrakespearnx@shinystat.com,389.9
1547775752000,Mellisa,Sunley,Hema,CN,msunleyny@epa.gov,330.3
1580312003000,,,,,,919.46
1555012672000,Marieann,Creigan,Xingxi,CN,mcreigano0@uiuc.edu,225.8
1584819877000,,,,,,314.45
1563306440000,Lora,Kupka,Fuzhai,CN,lkupkao2@time.com,212.08
1546852844000,Gal,Tinghill,Seupakat,ID,gtinghillo3@networkadvertising.org,866.51
1599625612000,Riordan,Halward,Estarreja,PT,rhalwardo4@chron.com,72.7
1539180982000,Helena,Blade,Pinamalayan,PH,hbladeo5@japanpost.jp,357.06
1566114920000,Melinde,Bjerkan,Ciudad Bolívar,CO,mbjerkano6@meetup.com,540.05
1538521412000,Gene,Arnell,Nor Yerznka,AM,garnello7@barnesandnoble.com,118.87
1541008063000,Lena,Hlavac,Lokossa,BJ,lhlavaco8@barnesandnoble.com,911.45
1588519278000,Sherwood,Pullin,Ratchaburi,TH,spullino9@fastcompany.com,965.71
1584879229000,Sela,Nott,Rivas,NI,snottoa@ovh.net,732.22
1583585032000,Rochella,Burren,Qinjia,CN,rburrenob@arizona.edu,234.21
1600204811000,Cathy,Pedroni,Rust’avi,GE,cpedronioc@joomla.org,873.31
1587159001000,Doyle,Pina,Hefei,CN,dpinaod@nasa.gov,967.27
1590007247000,Petr,Staniford,Labuhan,ID,pstanifordoe@ox.ac.uk,682.83
1572685024000,Nickolas,Cherry,Vito,PH,ncherryof@123-reg.co.uk,329.06
1539305693000,Shanan,Panks,Khomutovo,RU,spanksog@mozilla.com,187.44
1571263634000,Aridatha,Muzzillo,Ainaro,TL,amuzzillooh@whitehouse.gov,661.57
1579960425000,,,,,,192.1
1563724226000,Ivette,Tregensoe,Lazurne,UA,itregensoeoj@cam.ac.uk,762.2
1568605513000,Frazer,Dyott,Alcanena,PT,fdyottok@howstuffworks.com,26.0
1599357622000,Micheil,Tatlow,Uman’,UA,mtatlowol@clickbank.net,423.73
1542546569000,Casandra,Bartels-Ellis,Paris 01,FR,cbartelsellisom@com.com,50.64
1542549257000,Andriana,Jerrans,Rodolívos,GR,ajerranson@independent.co.uk,930.76
1570954569000,Gertrudis,Jurewicz,Staryy Oskol,RU,gjurewiczoo@ocn.ne.jp,277.55
1571432737000,Antoine,Redley,Bom Jesus dos Perdões,BR,aredleyop@ask.com,261.47
1565207646000,Garland,Desantis,Hengbanqiao,CN,gdesantisoq@live.com,691.55
1568363322000,Enrica,Fishwick,Zagnitkiv,UA,efishwickor@google.it,228.44
1565343398000,Hardy,Portsmouth,Fukuroi,JP,hportsmouthos@hexun.com,655.03
1542938396000,Obadias,Peasgood,Bendorubuh,ID,opeasgoodot@wired.com,766.16
1559933916000,Mavra,Douris,Krasnyy Luch,UA,mdourisou@statcounter.com,587.64
1560770642000,Quintana,Freestone,Alta Gracia,AR,qfreestoneov@google.com.hk,300.71
1543388398000,Miller,Vanini,Harstad,NO,mvaniniow@wikia.com,774.5
1547752745000,Lurlene,Levermore,Tudela,PH,llevermoreox@shinystat.com,140.89
1542556345000,Lula,Vakhrushin,Mobaye,CF,lvakhrushinoy@java.com,657.44
1539618336000,Even,Davidge,Vale de Figueira,PT,edavidgeoz@pcworld.com,584.41
1542427707000,Marguerite,Nekrews,Dengtang,CN,mnekrewsp0@clickbank.net,46.48
1583703464000,Carlin,Cannam,Lý Sơn,VN,ccannamp1@zimbio.com,841.34
1568639357000,Ofelia,MacCracken,Tekik Wetan,ID,omaccrackenp2@lulu.com,847.88
1591689334000,Barbey,Secker,Bahía Blanca,AR,bseckerp3@smugmug.com,821.32
1567105395000,Eran,Haley,Perpignan,FR,ehaleyp4@pinterest.com,903.75
1596138654000,Babs,Ruslinge,Fangxian,CN,bruslingep5@yale.edu,19.34
1547454098000,Jonas,Suermeiers,Gryfino,PL,jsuermeiersp6@soundcloud.com,399.11
1565414885000,Dagny,Alvarado,Guanba,CN,dalvaradop7@artisteer.com,100.33
1582668369000,Clemmy,Tollet,Hiroshima-shi,JP,ctolletp8@geocities.jp,633.61
1557364591000,,,,,,224.64
1546340281000,Waiter,Titterington,Thuận Nam,VN,wtitteringtonpa@dedecms.com,395.29
1550515801000,Kalvin,Whelpton,Trmice,CZ,kwhelptonpb@list-manage.com,733.76
1563443070000,Judie,Brizland,Walce,PL,jbrizlandpc@google.de,72.45
1574328108000,,,,,,800.59
1541106945000,,,,,,156.26
1560789995000,Amaleta,Casin,Pontes,PT,acasinpf@cafepress.com,476.42
1543006829000,Emlyn,Moppett,Buriti Alegre,BR,emoppettpg@washingtonpost.com,876.83
1571350179000,Karlyn,Zanioletti,Iwkowa,PL,kzaniolettiph@webnode.com,88.34
1571501466000,Samara,Cready,La Banda,AR,screadypi@nsw.gov.au,774.71
1547689381000,Cecelia,Casterou,Gros Morne,HT,ccasteroupj@accuweather.com,431.68
1557087842000,Simon,Loughlan,Xihuachi,CN,sloughlanpk@list-manage.com,861.99
1559377215000,Heidi,Giorgiutti,Petrolera,MX,hgiorgiuttipl@paginegialle.it,314.62
1540645891000,Kissiah,Sloat,Ringinrejo,ID,ksloatpm@youtu.be,363.58
1548340624000,Hazlett,Giggie,Irkutsk,RU,hgiggiepn@hhs.gov,448.19
1599539804000,Merline,Gomme,Montes,PT,mgommepo@odnoklassniki.ru,269.48
1544883702000,Felizio,Benstead,Huaqiu,CN,fbensteadpp@ebay.co.uk,997.8
1589094898000,Clarissa,Chidgey,Roslavl’,RU,cchidgeypq@opensource.org,62.66
1552480621000,Parnell,Peer,Yasothon,TH,ppeerpr@npr.org,677.25
1573211830000,,,,,,269.14
1580862022000,Olivero,Silmon,Ágios Geórgios,GR,osilmonpt@pbs.org,415.25
1555094324000,Conway,Romaines,Hāgere Hiywet,ET,cromainespu@ebay.com,483.8
1551228317000,Madelene,Mottinelli,Zhenjiang,CN,mmottinellipv@columbia.edu,149.31
1579480562000,Gertruda,Lambourn,Tonoas Municipal Building,FM,glambournpw@berkeley.edu,30.66
1549396336000,Teresa,O'Spellissey,Wilamowice,PL,tospellisseypx@umich.edu,901.9
1571915928000,,,,,,801.22
1600151261000,Morgan,Croll,Buikwe,UG,mcrollpz@google.com.hk,589.69
1581486074000,Leupold,Coultard,Changzhi,CN,lcoultardq0@aboutads.info,290.94
1566347123000,Huey,Heliot,Grzybowa Góra,PL,hheliotq1@networksolutions.com,853.27
1582251320000,Colan,Meaddowcroft,Jiaxian Chengguanzhen,CN,cmeaddowcroftq2@pagesperso-orange.fr,43.51
1573579011000,,,,,,651.83
1582751745000,Dawna,Osbourn,Zhyrovichy,BY,dosbournq4@hatena.ne.jp,335.24
1573161212000,Almire,Wynett,Dapdapan,PH,awynettq5@unicef.org,820.01
1570272059000,Cecelia,Franceschielli,Warungsugan,ID,cfranceschielliq6@usgs.gov,830.42
1543668328000,Fabio,Pizzey,Plomárion,GR,fpizzeyq7@sfgate.com,701.2
1556611712000,Elga,Jamison,Ciampea,ID,ejamisonq8@bigcartel.com,649.59
1581607570000,Lisette,Bocking,Madruga,CU,lbockingq9@paypal.com,490.82
1546468876000,Ajay,Mathelon,Béboto,TD,amathelonqa@mtv.com,954.01
1571202162000,Alexandre,MacSwayde,Dashi,CN,amacswaydeqb@ucoz.ru,877.7
1575834913000,Adey,Dyer,Taixi,CN,adyerqc@diigo.com,161.25
1557243496000,Alisun,Spaduzza,Medang,ID,aspaduzzaqd@independent.co.uk,227.06
1566680664000,Austine,Robbe,Quintão,PT,arobbeqe@histats.com,396.24
1579553918000,Byran,Lamble,Sungsang,ID,blambleqf@ning.com,570.9
1562115420000,Sabina,Alliston,Karlskrona,SE,sallistonqg@topsy.com,400.27
1573272902000,Errol,Elmhirst,Kostino,RU,eelmhirstqh@furl.net,823.15
1550470141000,Bret,Hamp,Mopipi,BW,bhampqi@yelp.com,920.45
1568946943000,,,,,,361.96
1564849543000,,,,,,791.12
1549261636000,Marys,Fake,Hongyanxi,CN,mfakeql@nymag.com,528.44
1565269891000,Nollie,Comellini,Llalli,PE,ncomelliniqm@europa.eu,795.98
1583024147000,Oberon,Brabant,Gandiaye,SN,obrabantqn@upenn.edu,898.02
1571059485000,Archer,Bettenay,Guilhabreu,PT,abettenayqo@loc.gov,171.28
1584091333000,Andeee,Cocking,Medeiros Neto,BR,acockingqp@upenn.edu,651.0
1552944320000,Tani,Pollie,Nurmo,FI,tpollieqq@shinystat.com,868.76
1594792525000,Mignon,Lamp,Paseh,ID,mlampqr@google.it,71.69
1579320246000,Ginni,Hatz,Turka,RU,ghatzqs@baidu.com,708.66
1545397345000,Roberto,Silk,Zhuangta,CN,rsilkqt@slashdot.org,12.55
1560532892000,Ree,De Morena,Wolmaransstad,ZA,rdemorenaqu@foxnews.com,789.46
1576809801000,Willem,Cartmel,Azovo,RU,wcartmelqv@newsvine.com,106.02
1553242678000,Sasha,Mearns,Tehrān,IR,smearnsqw@home.pl,979.95
1582928042000,Rogerio,Crossgrove,Pateros,PH,rcrossgroveqx@gov.uk,232.52
1580860706000,Llywellyn,Sergeant,Nanzhihui,CN,lsergeantqy@nps.gov,468.55
1555773058000,Hillier,Long,Etten-Leur,NL,hlongqz@miibeian.gov.cn,250.0
1578742927000,Hillery,Ghirardi,Kelasuri,GE,hghirardir0@multiply.com,404.98
1565757840000,Tilda,McWhan,Venda,PT,tmcwhanr1@unblog.fr,765.01
1563294881000,Cele,Gerrelt,‘Alīābād-e Katūl,IR,cgerreltr2@1und1.de,68.3
1552975268000,,,,,,746.4
1588674000000,Nessa,McElwee,Punākha,BT,nmcelweer4@amazon.de,500.6
1595097342000,Dulcy,Gower,Dijon,FR,dgowerr5@topsy.com,688.11
1578656822000,,,,,,556.95
1594978908000,,,,,,296.96
1564187933000,Cammy,Colbridge,Zangbi,CN,ccolbridger8@un.org,64.24
1588049897000,Hanny,Bleue,Xiabuji,CN,hbleuer9@infoseek.co.jp,716.88
1581219530000,,,,,,267.25
1549840370000,Brew,Duddridge,Savonlinna,FI,bduddridgerb@smugmug.com,859.45
1564110867000,Peri,O'Griffin,Oxelösund,SE,pogriffinrc@ca.gov,187.49
1583001026000,Ric,Tanzer,Dorp Antriol,BQ,rtanzerrd@yellowbook.com,122.84
1543322553000,Abbott,Mileham,Nārang,PK,amilehamre@flavors.me,602.87
1568416848000,Dion,Hertwell,Marolambo,MG,dhertwellrf@stumbleupon.com,667.8
1540651878000,Chicky,Croisdall,Mujães,PT,ccroisdallrg@si.edu,435.57
1566513049000,Yardley,Pitcher,Chesma,RU,ypitcherrh@java.com,132.23
1599733249000,Hayyim,Arundale,Khawr Fakkān,AE,harundaleri@rediff.com,258.08
1543973884000,Dolph,Garard,Tuateta,ID,dgarardrj@is.gd,804.43
1553561397000,,,,,,729.03
1599948930000,Rozina,Kennerley,Sokol,RU,rkennerleyrl@mediafire.com,715.58
1572276366000,Mitzi,Dobrowolny,Skärholmen,SE,mdobrowolnyrm@gov.uk,77.43
1555009469000,Dena,Wafer,Washington,US,dwaferrn@rediff.com,331.23
1587731810000,Abba,Gook,El Paso,US,agookro@china.com.cn,500.24
1570003770000,Reinwald,Beckwith,Lukulu,ZM,rbeckwithrp@google.com.au,26.06
1599643131000,Mario,Maskell,Bozhou,CN,mmaskellrq@prnewswire.com,605.83
1551984380000,Wash,Danielli,Lesnoy,RU,wdaniellirr@go.com,36.18
